"Status","Start Time","Stop Time","Duration in ms","Parent Suite","Suite","Sub Suite","Test Class","Test Method","Name","Description"
"passed","Tue Dec 22 13:52:43 CST 2020","Tue Dec 22 13:52:43 CST 2020","0","caculator.testcase","test_cacl","TestCalculator","","","test_add[minus]",""
"broken","Tue Dec 22 13:52:43 CST 2020","Tue Dec 22 13:52:43 CST 2020","0","caculator.testcase","test_cacl","TestCalculator","","","test_add[illegal]",""
"passed","Tue Dec 22 13:52:43 CST 2020","Tue Dec 22 13:52:43 CST 2020","0","caculator.testcase","test_cacl3","TestCalculator","","","test_div[minus]",""
"passed","Tue Dec 22 13:52:41 CST 2020","Tue Dec 22 13:52:41 CST 2020","0","caculator.testcase","test_cacl3","TestCalculator","","","test_add[int]",""
"passed","Tue Dec 22 13:52:41 CST 2020","Tue Dec 22 13:52:41 CST 2020","0","caculator.testcase","test_cacl3","TestCalculator","","","test_mul[float]",""
"broken","Tue Dec 22 13:52:43 CST 2020","Tue Dec 22 13:52:43 CST 2020","0","caculator.testcase","test_cacl","TestCalculator","","","test_div[illegal]",""
"passed","Tue Dec 22 13:52:43 CST 2020","Tue Dec 22 13:52:43 CST 2020","0","caculator.testcase","test_cacl2","TestCalculator","","","test_sub[int]",""
"passed","Tue Dec 22 13:52:41 CST 2020","Tue Dec 22 13:52:41 CST 2020","0","caculator.testcase","test_cacl3","TestCalculator","","","test_mul[minus]",""
"passed","Tue Dec 22 13:52:43 CST 2020","Tue Dec 22 13:52:43 CST 2020","0","caculator.testcase","test_cacl3","TestCalculator","","","test_sub[minus]",""
"passed","Tue Dec 22 13:52:43 CST 2020","Tue Dec 22 13:52:43 CST 2020","0","caculator.testcase","test_cacl2","TestCalculator","","","test_div[int]",""
"passed","Tue Dec 22 13:52:43 CST 2020","Tue Dec 22 13:52:43 CST 2020","0","caculator.testcase","test_cacl","TestCalculator","","","test_add[int]",""
"passed","Tue Dec 22 13:52:43 CST 2020","Tue Dec 22 13:52:43 CST 2020","0","caculator.testcase","test_cacl","TestCalculator","","","test_combine[5-1]",""
"passed","Tue Dec 22 13:52:43 CST 2020","Tue Dec 22 13:52:43 CST 2020","0","caculator.testcase","test_cacl","TestCalculator","","","test_combine[5-3]",""
"passed","Tue Dec 22 13:52:41 CST 2020","Tue Dec 22 13:52:41 CST 2020","0","caculator.testcase","test_cacl3","TestCalculator","","","test_mul[int]",""
"failed","Tue Dec 22 13:52:43 CST 2020","Tue Dec 22 13:52:43 CST 2020","0","caculator.testcase","test_cacl","TestCalculator","","","test_mul[illegal]",""
"broken","Tue Dec 22 13:52:43 CST 2020","Tue Dec 22 13:52:43 CST 2020","0","caculator.testcase","test_cacl3","TestCalculator","","","test_div[zero]",""
"passed","Tue Dec 22 13:52:43 CST 2020","Tue Dec 22 13:52:43 CST 2020","1","caculator.testcase","test_cacl","TestCalculator","","","test_combine[4-2]",""
"passed","Tue Dec 22 13:52:43 CST 2020","Tue Dec 22 13:52:43 CST 2020","1","caculator.testcase","test_cacl2","TestCalculator","","","test_div[minus]",""
"broken","Tue Dec 22 13:52:43 CST 2020","Tue Dec 22 13:52:43 CST 2020","0","caculator.testcase","test_cacl","TestCalculator","","","test_sub[illegal]",""
"passed","Tue Dec 22 13:52:43 CST 2020","Tue Dec 22 13:52:43 CST 2020","0","caculator.testcase","test_cacl2","TestCalculator","","","test_mul[float]",""
"failed","Tue Dec 22 13:52:43 CST 2020","Tue Dec 22 13:52:43 CST 2020","0","caculator.testcase","test_cacl","TestCalculator","","","test_div[float]",""
"failed","Tue Dec 22 13:52:43 CST 2020","Tue Dec 22 13:52:43 CST 2020","0","caculator.testcase","test_cacl2","TestCalculator","","","test_sub[float]",""
"passed","Tue Dec 22 13:52:43 CST 2020","Tue Dec 22 13:52:43 CST 2020","0","caculator.testcase","test_cacl","TestCalculator","","","test_combine[6-2]",""
"broken","Tue Dec 22 13:52:43 CST 2020","Tue Dec 22 13:52:43 CST 2020","0","caculator.testcase","test_cacl2","TestCalculator","","","test_sub[illegal]",""
"passed","Tue Dec 22 13:52:43 CST 2020","Tue Dec 22 13:52:43 CST 2020","0","caculator.testcase","test_cacl2","TestCalculator","","","test_mul[minus]",""
"passed","Tue Dec 22 13:52:43 CST 2020","Tue Dec 22 13:52:43 CST 2020","0","caculator.testcase","test_cacl3","TestCalculator","","","test_sub[int]",""
"passed","Tue Dec 22 13:52:43 CST 2020","Tue Dec 22 13:52:43 CST 2020","0","caculator.testcase","check_initest","CheckIni","","","check_demo1",""
"failed","Tue Dec 22 13:52:43 CST 2020","Tue Dec 22 13:52:43 CST 2020","0","caculator.testcase","test_cacl","TestCalculator","","","test_mul[float]",""
"broken","Tue Dec 22 13:52:43 CST 2020","Tue Dec 22 13:52:43 CST 2020","0","caculator.testcase","test_cacl","TestCalculator","","","test_div[zero]",""
"passed","Tue Dec 22 13:52:43 CST 2020","Tue Dec 22 13:52:43 CST 2020","0","caculator.testcase","test_cacl","TestCalculator","","","test_combine[6-1]",""
"broken","Tue Dec 22 13:52:43 CST 2020","Tue Dec 22 13:52:43 CST 2020","0","caculator.testcase","test_cacl3","TestCalculator","","","test_div[illegal]",""
"failed","Tue Dec 22 13:52:43 CST 2020","Tue Dec 22 13:52:43 CST 2020","0","caculator.testcase","test_cacl","TestCalculator","","","test_div[minus]",""
"passed","Tue Dec 22 13:52:41 CST 2020","Tue Dec 22 13:52:41 CST 2020","0","caculator.testcase","test_cacl3","TestCalculator","","","test_add[float]",""
"failed","Tue Dec 22 13:52:43 CST 2020","Tue Dec 22 13:52:43 CST 2020","0","caculator.testcase","test_cacl","TestCalculator","","","test_sub[float]",""
"passed","Tue Dec 22 13:52:43 CST 2020","Tue Dec 22 13:52:43 CST 2020","0","caculator.testcase","test_cacl","TestCalculator","","","test_sub[int]",""
"passed","Tue Dec 22 13:52:43 CST 2020","Tue Dec 22 13:52:43 CST 2020","0","caculator.testcase","test_cacl3","TestCalculator","","","test_add[minus]",""
"failed","Tue Dec 22 13:52:43 CST 2020","Tue Dec 22 13:52:43 CST 2020","1","caculator.testcase","test_cacl","TestCalculator","","","test_mul[int]",""
"failed","Tue Dec 22 13:52:43 CST 2020","Tue Dec 22 13:52:43 CST 2020","0","caculator.testcase","test_cacl3","TestCalculator","","","test_div[float]",""
"failed","Tue Dec 22 13:52:43 CST 2020","Tue Dec 22 13:52:43 CST 2020","0","caculator.testcase","test_cacl2","TestCalculator","","","test_div[float]",""
"failed","Tue Dec 22 13:52:43 CST 2020","Tue Dec 22 13:52:43 CST 2020","0","caculator.testcase","test_cacl","TestCalculator","","","test_mul[minus]",""
"passed","Tue Dec 22 13:52:43 CST 2020","Tue Dec 22 13:52:43 CST 2020","0","caculator.testcase","test_cacl2","TestCalculator","","","test_add[minus]",""
"passed","Tue Dec 22 13:52:43 CST 2020","Tue Dec 22 13:52:43 CST 2020","0","caculator.testcase","check_initest","CheckIni","","","test_demo1",""
"passed","Tue Dec 22 13:52:43 CST 2020","Tue Dec 22 13:52:43 CST 2020","1","caculator.testcase","test_cacl","TestCalculator","","","test_combine[6-3]",""
"passed","Tue Dec 22 13:52:43 CST 2020","Tue Dec 22 13:52:43 CST 2020","0","caculator.testcase","test_cacl2","TestCalculator","","","test_add[int]",""
"passed","Tue Dec 22 13:52:43 CST 2020","Tue Dec 22 13:52:43 CST 2020","1","caculator.testcase","test_cacl2","","","","test_path",""
"broken","Tue Dec 22 13:52:43 CST 2020","Tue Dec 22 13:52:43 CST 2020","0","caculator.testcase","test_cacl3","TestCalculator","","","test_sub[illegal]",""
"passed","Tue Dec 22 13:52:43 CST 2020","Tue Dec 22 13:52:43 CST 2020","0","caculator.testcase","check_initest","TestIni","","","check_demo2",""
"failed","Tue Dec 22 13:52:43 CST 2020","Tue Dec 22 13:52:43 CST 2020","0","caculator.testcase","test_cacl3","TestCalculator","","","test_sub[float]",""
"broken","Tue Dec 22 13:52:43 CST 2020","Tue Dec 22 13:52:43 CST 2020","0","caculator.testcase","test_cacl2","TestCalculator","","","test_div[zero]",""
"failed","Tue Dec 22 13:52:41 CST 2020","Tue Dec 22 13:52:41 CST 2020","16","caculator.testcase","test_cacl3","TestCalculator","","","test_mul[illegal]",""
"passed","Tue Dec 22 13:52:43 CST 2020","Tue Dec 22 13:52:43 CST 2020","0","caculator.testcase","test_cacl3","TestCalculator","","","test_div[int]",""
"passed","Tue Dec 22 13:52:43 CST 2020","Tue Dec 22 13:52:43 CST 2020","1","caculator.testcase","test_cacl","TestCalculator","","","test_combine[4-3]",""
"passed","Tue Dec 22 13:52:43 CST 2020","Tue Dec 22 13:52:43 CST 2020","0","caculator.testcase","test_cacl","TestCalculator","","","test_combine[4-1]",""
"passed","Tue Dec 22 13:52:43 CST 2020","Tue Dec 22 13:52:43 CST 2020","0","caculator.testcase","check_initest","TestIni","","","test_demo2",""
"passed","Tue Dec 22 13:52:43 CST 2020","Tue Dec 22 13:52:43 CST 2020","0","caculator.testcase","test_cacl","TestCalculator","","","test_sub[minus]",""
"passed","Tue Dec 22 13:52:43 CST 2020","Tue Dec 22 13:52:43 CST 2020","0","caculator.testcase","test_cacl2","TestCalculator","","","test_add[float]",""
"passed","Tue Dec 22 13:52:43 CST 2020","Tue Dec 22 13:52:43 CST 2020","0","caculator.testcase","test_cacl","TestCalculator","","","test_div[int]",""
"broken","Tue Dec 22 13:52:43 CST 2020","Tue Dec 22 13:52:43 CST 2020","0","caculator.testcase","test_cacl3","TestCalculator","","","test_add[illegal]",""
"passed","Tue Dec 22 13:52:43 CST 2020","Tue Dec 22 13:52:43 CST 2020","0","caculator.testcase","test_cacl","TestCalculator","","","test_combine[5-2]",""
"passed","Tue Dec 22 13:52:43 CST 2020","Tue Dec 22 13:52:43 CST 2020","0","caculator.testcase","test_cacl","TestCalculator","","","test_add[float]",""
"broken","Tue Dec 22 13:52:43 CST 2020","Tue Dec 22 13:52:43 CST 2020","0","caculator.testcase","test_cacl2","TestCalculator","","","test_div[illegal]",""
"broken","Tue Dec 22 13:52:43 CST 2020","Tue Dec 22 13:52:43 CST 2020","0","caculator.testcase","test_cacl2","TestCalculator","","","test_add[illegal]",""
"failed","Tue Dec 22 13:52:43 CST 2020","Tue Dec 22 13:52:43 CST 2020","0","caculator.testcase","test_cacl2","TestCalculator","","","test_mul[illegal]",""
"passed","Tue Dec 22 13:52:43 CST 2020","Tue Dec 22 13:52:43 CST 2020","0","caculator.testcase","test_cacl2","TestCalculator","","","test_mul[int]",""
"passed","Tue Dec 22 13:52:43 CST 2020","Tue Dec 22 13:52:43 CST 2020","0","caculator.testcase","test_cacl2","TestCalculator","","","test_sub[minus]",""
